{
  "stage_counts": {
    "N3": 108,
    "REM": 359,
    "N2": 493
  },
  "stage_pct": {
    "N3": 0.1125,
    "REM": 0.37395833333333334,
    "N2": 0.5135416666666667
  },
  "neuro_stats": {
    "N3": {
      "ach": {
        "mean": 0.6477351851851851,
        "std": 0.07243335418879744,
        "count": 108
      },
      "serotonin": {
        "mean": 0.6777361111111111,
        "std": 0.06313992611701195,
        "count": 108
      },
      "ne": {
        "mean": 0.6758759259259259,
        "std": 0.06322548107745796,
        "count": 108
      },
      "cortisol": {
        "mean": 0.7395379629629629,
        "std": 0.1328439642459951,
        "count": 108
      }
    },
    "REM": {
      "ach": {
        "mean": 0.7682941504178273,
        "std": 0.1001512732938731,
        "count": 359
      },
      "serotonin": {
        "mean": 0.31180278551532037,
        "std": 0.09267637701027513,
        "count": 359
      },
      "ne": {
        "mean": 0.3105150417827298,
        "std": 0.092976226912901,
        "count": 359
      },
      "cortisol": {
        "mean": 2.102671030640668,
        "std": 0.6342148400934493,
        "count": 359
      }
    },
    "N2": {
      "ach": {
        "mean": 0.7360580121703854,
        "std": 0.09559555376851042,
        "count": 493
      },
      "serotonin": {
        "mean": 0.2915103448275862,
        "std": 0.055118044763051814,
        "count": 493
      },
      "ne": {
        "mean": 0.2907817444219067,
        "std": 0.05427656126579267,
        "count": 493
      },
      "cortisol": {
        "mean": 2.242432251521298,
        "std": 0.5374341917866983,
        "count": 493
      }
    }
  },
  "biz_stats": {
    "REM": {
      "mean": 0.6413793103448276,
      "std": 0.1601448511974132,
      "count": 29
    },
    "N2": {
      "mean": 0.5926190476190476,
      "std": 0.16025366088693388,
      "count": 42
    }
  },
  "segment_count": 71,
  "emo_counts": {
    "joy": 17,
    "fear": 16,
    "neutral": 14,
    "surprise": 24
  }
}