{
  "id": "ce9c09ce-b94b-4efd-8f01-d2adc9686fba",
  "config": {
    "duration_hours": 8.0,
    "dt_minutes": 0.5,
    "ssri_strength": 1.0,
    "stress_level": 0.65,
    "sleep_start_hour": 23.0,
    "prior_day_events": [],
    "emotional_state": "neutral",
    "use_llm": true,
    "llm_segments_only": false
  },
  "segment_count": 960,
  "stage_counts": {
    "N1": 166,
    "N3": 46,
    "N2": 529,
    "REM": 219
  },
  "stage_pct": {
    "N1": 0.17291666666666666,
    "N3": 0.04791666666666667,
    "N2": 0.5510416666666667,
    "REM": 0.228125
  },
  "neuro_stats": {
    "N1": {
      "ach": {
        "mean": 0.5016343373493976,
        "std": 0.019659154996166637,
        "count": 166
      },
      "serotonin": {
        "mean": 0.29900602409638555,
        "std": 0.02118611075708488,
        "count": 166
      },
      "ne": {
        "mean": 0.29955,
        "std": 0.020316548391747475,
        "count": 166
      },
      "cortisol": {
        "mean": 0.39857771084337346,
        "std": 0.019072930342980746,
        "count": 166
      }
    },
    "N3": {
      "ach": {
        "mean": 0.29894565217391306,
        "std": 0.0206432082369432,
        "count": 46
      },
      "serotonin": {
        "mean": 0.20197173913043476,
        "std": 0.019145151083731448,
        "count": 46
      },
      "ne": {
        "mean": 0.1970586956521739,
        "std": 0.019478935959768535,
        "count": 46
      },
      "cortisol": {
        "mean": 0.3484673913043478,
        "std": 0.018606532914752023,
        "count": 46
      }
    },
    "N2": {
      "ach": {
        "mean": 0.44910378071833645,
        "std": 0.01933952007537587,
        "count": 529
      },
      "serotonin": {
        "mean": 0.2792226843100189,
        "std": 0.01981556394022032,
        "count": 529
      },
      "ne": {
        "mean": 0.2798207939508507,
        "std": 0.020660747477430817,
        "count": 529
      },
      "cortisol": {
        "mean": 0.37860207939508506,
        "std": 0.01977110548080721,
        "count": 529
      }
    },
    "REM": {
      "ach": {
        "mean": 0.900358904109589,
        "std": 0.01900549429535828,
        "count": 219
      },
      "serotonin": {
        "mean": 0.049736986301369863,
        "std": 0.021159827796530098,
        "count": 219
      },
      "ne": {
        "mean": 0.049659817351598176,
        "std": 0.01993449620079286,
        "count": 219
      },
      "cortisol": {
        "mean": 0.5017543378995434,
        "std": 0.020011200445827434,
        "count": 219
      }
    }
  },
  "biz_stats": {
    "N1": {
      "mean": 0.6155963855421687,
      "std": 0.052263924635076876,
      "count": 166
    },
    "N3": {
      "mean": 0.5644347826086957,
      "std": 0.04741979598268741,
      "count": 46
    },
    "N2": {
      "mean": 0.6047145557655955,
      "std": 0.05115194567329492,
      "count": 529
    },
    "REM": {
      "mean": 0.9039771689497718,
      "std": 0.05419965146077208,
      "count": 219
    }
  },
  "emo_counts": {
    "melancholic": 150,
    "anxious": 338,
    "joyful": 100,
    "neutral": 100,
    "curious": 94,
    "fearful": 131,
    "serene": 47
  },
  "cortisol_trend": {
    "first_half_mean": 0.3989520833333334,
    "second_half_mean": 0.418460625,
    "delta": 0.0195085416666666
  }
}