{
  "id": "ce9c09ce-b94b-4efd-8f01-d2adc9686fba",
  "overall_ach_biz_corr": 0.9183914158689447,
  "per_stage_ach_biz_corr": {
    "N1": -0.096102155836928,
    "N3": 0.29988701074761653,
    "N2": 0.18451428971814987,
    "REM": 0.2486901152593978
  },
  "n_pairs": 960
}